Designator, Quantity, Comment, Footprint, Datasheet, MFG_PNUM, SUPPLIER, JLCPCB_PNUM, PACKAGE, MPN, OC_FARNELL, OC_NEWARK
C1 ,1,"100uF","Capacitor_THT:CP_Radial_D5.0mm_P2.00mm","~","","Mouser","","","","",""
C2 C6 C8 ,3,"0.1uF","Capacitor_SMD:C_0805_2012Metric","https://datasheet.lcsc.com/lcsc/1810101813_YAGEO-CC0805KRX7R9BB104_C49678.pdf","CC0805KRX7R9BB104","JLCPCB","C49678","0805","","",""
C3 ,1,"330uF","Capacitor_THT:CP_Radial_D8.0mm_P3.50mm","~","","Mouser","","","","",""
C4 ,1,"1uF","Capacitor_SMD:C_0805_2012Metric","~","CL21B105KBFNNNE","JLCPCB","C28323","0805","","",""
C5 ,1,"10pF","Capacitor_SMD:C_0805_2012Metric","~","CL21C100JBANNNC","JLCPCB","C1785","0805","","",""
C7 ,1,"22uF","Capacitor_SMD:C_0805_2012Metric","~","CL21A226MAQNNNE","JLCPCB","C45783","0805","","",""
C9 ,1,"10uf","Capacitor_SMD:C_0805_2012Metric","~","CL21A106KAYNNNE","JLCPCB","C15850","0805","","",""
D1 ,1,"D","Diode_SMD:D_SMA","https://datasheet.lcsc.com/lcsc/1810311713_MDD%EF%BC%88Microdiode-Electronics%EF%BC%89-M7_C95872.pdf","MDD - M7","JLCPCB","C95872","SMA,DO-214AC","","",""
D2 ,1,"D_Zener 25v","Diode_THT:D_DO-35_SOD27_P7.62mm_Horizontal","~","1N5253B-TAP","Mouser","","DO-35-2","","",""
H1 H2 H3 H4 ,4,"MountingHole","MountingHole:MountingHole_3.2mm_M3","~"
J1 ,1,"Power","TerminalBlock_Phoenix:TerminalBlock_Phoenix_MKDS-1,5-2_1x02_P5.00mm_Horizontal","~","","Mouser","","","","",""
J2 ,1,"LED Terminal","TerminalBlock_Phoenix:TerminalBlock_Phoenix_MKDS-1,5-16-5.08_1x16_P5.08mm_Horizontal","~","","Mouser","","","","",""
J3 ,1,"UART","Connector_PinSocket_2.54mm:PinSocket_1x06_P2.54mm_Vertical","~","","Mouser","","","","",""
JP1 ,1,"FLASH","Connector_PinHeader_1.27mm:PinHeader_1x02_P1.27mm_Vertical","~","","Mouser","","","","",""
L1 ,1,"100uH","Inductor_THT:L_Toroid_Vertical_L16.4mm_W7.6mm_P6.60mm_Vishay_TJ3","~","","Mouser","","","","",""
LED1 ,1,"PWR LED","LED_SMD:LED_0805_2012Metric","~","NCD0805R1","JLCPCB","C84256","LED_0805","","",""
LED2 ,1,"IO13_LED","LED_SMD:LED_0805_2012Metric","~","NCD0805R1","JLCPCB","C84256","LED_0805","","",""
Q1 ,1,"PMOS 30V","Package_TO_SOT_SMD:SOT-23","https://datasheet.lcsc.com/lcsc/1810171817_Alpha-&-Omega-Semicon-AO3401A_C15127.pdf","AO3401A","JLCPCB","C15127","SOT-23-3L","","",""
Q2 ,1,"S8050","Package_TO_SOT_SMD:SOT-23","https://datasheet.lcsc.com/lcsc/1810161230_Changjiang-Electronics-Tech--CJ-S8050-J3Y_C2146.pdf","S8050 J3Y","JLCPCB","C2146","SOT-23-3","","",""
Q3 Q4 Q5 Q6 Q7 Q8 Q9 Q10 ,8,"Q_NMOS_GDS","Package_TO_SOT_THT:TO-220-3_Vertical","~","P30N06LE","Mouser","","","","",""
R1 R2 R4 R5 R6 R7 R9 ,7,"10K","Resistor_SMD:R_0805_2012Metric","~","0805W8F1002T5E","JLCPCB","C17414","0805","","",""
R10 ,1,"200","Resistor_SMD:R_0805_2012Metric","~","0805W8F2000T5E","JLCPCB","C17540","0805","","",""
R3 ,1,"0.1Ω 1% 1W","Resistor_SMD:R_2512_6332Metric","https://datasheet.lcsc.com/lcsc/1811081330_RALEC-LR2512-21R100F4_C154665.pdf","LR2512-21R100F4","JLCPCB","C500724","RES-SMD","","",""
R8 ,1,"1K","Resistor_SMD:R_0805_2012Metric","~","0805W8F1001T5E","JLCPCB","C17513","0805","","",""
SW1 ,1,"RESET","Button_Switch_THT:SW_PUSH_6mm","~","","Mouser","","","","",""
U1 ,1,"INA219AxD","Package_SO:SOIC-8_3.9x4.9mm_P1.27mm","http://www.ti.com/lit/ds/symlink/ina219.pdf","INA219AIDR","JLCPCB","C138706","SOIC-8_3.9x4.9x1.27P","","",""
U2 ,1,"R-78C5.0-1.0","Converter_DCDC:Converter_DCDC_RECOM_R-78E-0.5_THT","https://www.recom-power.com/pdf/Innoline/R-78Cxx-1.0.pdf","R-78C5.0-1.0","Mouser","","","","",""
U3 ,1,"AMS1117-3.3","Package_TO_SOT_SMD:SOT-223-3_TabPin2","http://www.advanced-monolithic.com/pdf/ds1117.pdf","AMS1117-3.3","JLCPCB","C6186","SOT-223","","",""
U4 ,1,"ESP32-WROOM-32","RF_Module:ESP32-WROOM-32","https://www.espressif.com/sites/default/files/documentation/esp32-wroom-32_datasheet_en.pdf","ESP32-WROOM-32","JLCPCB","C82899","QFN-38_EP_18.0x25.0x1.27P","","",""
U5 U6 U7 U8 U9 U10 U11 U12 ,8,"TC4420CPA","TC4420CPA:DIP254P762X533-8","","TC4420CPA","Mouser","","DIP8","TC4420CPA","9762566","61K3536"